Domicile,xG,Score,xG.1,Extérieur,Affluence,Arbitre
Liverpool,1.7,4–1,1.0,Norwich City,53333.0,Michael Oliver
West Ham,0.8,0–5,3.1,Manchester City,59870.0,Mike Dean
Crystal Palace,0.7,0–0,1.0,Everton,25151.0,Jonathan Moss
Bournemouth,1.0,1–1,1.0,Sheffield Utd,10714.0,Kevin Friend
Burnley,0.7,3–0,0.8,Southampton,19784.0,Graham Scott
Watford,0.9,0–3,0.7,Brighton,20245.0,Craig Pawson
Tottenham,2.4,3–1,0.6,Aston Villa,60407.0,Chris Kavanagh
Leicester City,0.6,0–0,0.6,Wolves,32015.0,Andre Marriner
Newcastle Utd,0.5,0–1,1.0,Arsenal,47635.0,Martin Atkinson
Manchester Utd,2.3,4–0,0.8,Chelsea,73620.0,Anthony Taylor
Arsenal,0.9,2–1,1.3,Burnley,60214.0,Mike Dean
Brighton,1.6,1–1,0.8,West Ham,30459.0,Anthony Taylor
Norwich City,1.4,3–1,0.7,Newcastle Utd,27059.0,Stuart Attwell
Aston Villa,1.7,1–2,1.3,Bournemouth,40996.0,Martin Atkinson
Everton,1.0,1–0,1.0,Watford,39066.0,Lee Mason
Southampton,1.6,1–2,1.4,Liverpool,31712.0,Andre Marriner
Manchester City,2.9,2–2,0.3,Tottenham,54503.0,Michael Oliver
Sheffield Utd,1.6,1–0,0.2,Crystal Palace,30197.0,David Coote
Chelsea,1.4,1–1,0.8,Leicester City,40629.0,Oliver Langford
Wolves,0.3,1–1,1.3,Manchester Utd,31314.0,Jonathan Moss
Aston Villa,0.9,2–0,1.0,Everton,41922.0,Michael Oliver
Norwich City,1.2,2–3,2.1,Chelsea,27032.0,Martin Atkinson
Brighton,0.9,0–2,1.5,Southampton,30019.0,Kevin Friend
Watford,2.3,1–3,3.4,West Ham,20035.0,Chris Kavanagh
Manchester Utd,2.4,1–2,0.7,Crystal Palace,73454.0,Paul Tierney
Sheffield Utd,0.7,1–2,0.9,Leicester City,30079.0,Andy Madley
Liverpool,2.5,3–1,0.9,Arsenal,53298.0,Anthony Taylor
Bournemouth,1.5,1–3,2.4,Manchester City,10486.0,Andre Marriner
Tottenham,1.2,0–1,0.4,Newcastle Utd,59245.0,Mike Dean
Wolves,1.5,1–1,1.2,Burnley,30522.0,Craig Pawson
Southampton,0.7,1–1,1.6,Manchester Utd,30499.0,Mike Dean
Leicester City,1.9,3–1,0.9,Bournemouth,31613.0,Peter Bankes
Crystal Palace,1.4,1–0,0.3,Aston Villa,25248.0,Kevin Friend
Manchester City,2.1,4–0,0.5,Brighton,54386.0,Jonathan Moss
Chelsea,1.7,2–2,1.1,Sheffield Utd,40560.0,Stuart Attwell
West Ham,1.8,2–0,1.3,Norwich City,59950.0,Paul Tierney
Newcastle Utd,0.9,1–1,1.3,Watford,44157.0,Graham Scott
Burnley,0.4,0–3,1.1,Liverpool,21762.0,Chris Kavanagh
Everton,1.4,3–2,1.3,Wolves,39374.0,Anthony Taylor
Arsenal,2.3,2–2,2.1,Tottenham,60333.0,Martin Atkinson
Liverpool,2.7,3–1,0.4,Newcastle Utd,51430.0,Andre Marriner
Wolves,1.6,2–5,1.9,Chelsea,31534.0,Graham Scott
Tottenham,1.0,4–0,0.7,Crystal Palace,59812.0,Craig Pawson
Brighton,0.9,1–1,0.6,Burnley,29398.0,Michael Oliver
Sheffield Utd,1.9,0–1,1.3,Southampton,30985.0,Lee Mason
Manchester Utd,1.0,1–0,0.4,Leicester City,73689.0,Martin Atkinson
Norwich City,1.5,3–2,2.2,Manchester City,27035.0,Kevin Friend
Bournemouth,1.5,3–1,1.4,Everton,10416.0,Paul Tierney
Watford,2.8,2–2,0.9,Arsenal,21360.0,Anthony Taylor
Aston Villa,1.0,0–0,0.5,West Ham,42010.0,Mike Dean
Southampton,2.2,1–3,1.2,Bournemouth,30168.0,Chris Kavanagh
Leicester City,1.5,2–1,1.2,Tottenham,32129.0,Paul Tierney
Burnley,1.5,2–0,0.6,Norwich City,19712.0,David Coote
Manchester City,5.8,8–0,0.3,Watford,54273.0,Mike Dean
Everton,0.9,0–2,0.2,Sheffield Utd,39354.0,Simon Hooper
Newcastle Utd,1.0,0–0,1.0,Brighton,43316.0,Martin Atkinson
Crystal Palace,0.9,1–1,0.9,Wolves,25122.0,Stuart Attwell
West Ham,0.5,2–0,1.0,Manchester Utd,59936.0,Anthony Taylor
Arsenal,2.4,3–2,1.1,Aston Villa,60331.0,Jonathan Moss
Chelsea,1.2,1–2,0.9,Liverpool,40638.0,Michael Oliver
Sheffield Utd,1.3,0–1,1.9,Liverpool,31774.0,Anthony Taylor
Bournemouth,1.9,2–2,1.5,West Ham,10729.0,Stuart Attwell
Wolves,1.5,2–0,0.9,Watford,30711.0,Paul Tierney
Aston Villa,0.8,2–2,1.5,Burnley,41546.0,Lee Mason
Tottenham,1.0,2–1,1.6,Southampton,59645.0,Graham Scott
Crystal Palace,1.5,2–0,0.5,Norwich City,25477.0,Jonathan Moss
Chelsea,3.2,2–0,0.5,Brighton,40683.0,Chris Kavanagh
Everton,2.5,1–3,3.5,Manchester City,39222.0,Michael Oliver
Leicester City,1.1,5–0,0.2,Newcastle Utd,32168.0,Craig Pawson
Manchester Utd,1.2,1–1,1.9,Arsenal,73201.0,Kevin Friend
Brighton,2.0,3–0,0.6,Tottenham,30610.0,Jonathan Moss
Watford,1.5,0–0,0.5,Sheffield Utd,20811.0,Andre Marriner
Liverpool,2.8,2–1,0.1,Leicester City,53322.0,Chris Kavanagh
Norwich City,3.1,1–5,2.9,Aston Villa,27045.0,Andy Madley
Burnley,0.7,1–0,0.9,Everton,20650.0,Graham Scott
West Ham,1.3,1–2,2.1,Crystal Palace,59912.0,Michael Oliver
Manchester City,1.3,0–2,1.6,Wolves,54435.0,Craig Pawson
Arsenal,0.9,1–0,0.5,Bournemouth,60326.0,Martin Atkinson
Southampton,1.0,1–4,1.9,Chelsea,31473.0,Paul Tierney
Newcastle Utd,0.5,1–0,0.6,Manchester Utd,51198.0,Mike Dean
Everton,2.1,2–0,0.9,West Ham,39263.0,Paul Tierney
Wolves,0.9,1–1,1.6,Southampton,30915.0,Peter Bankes
Chelsea,1.9,1–0,0.3,Newcastle Utd,40513.0,Andre Marriner
Aston Villa,2.7,2–1,1.2,Brighton,41826.0,David Coote
Leicester City,1.4,2–1,1.4,Burnley,32105.0,Jonathan Moss
Bournemouth,0.6,0–0,0.4,Norwich City,10669.0,Lee Mason
Tottenham,1.0,1–1,0.8,Watford,58754.0,Chris Kavanagh
Crystal Palace,0.5,0–2,2.2,Manchester City,25480.0,Anthony Taylor
Manchester Utd,0.7,1–1,1.1,Liverpool,73737.0,Martin Atkinson
Sheffield Utd,1.0,1–0,0.8,Arsenal,30775.0,Mike Dean
Southampton,0.4,0–9,3.7,Leicester City,28762.0,Andre Marriner
Manchester City,2.4,3–0,0.9,Aston Villa,54506.0,Graham Scott
West Ham,2.0,1–1,1.7,Sheffield Utd,59878.0,David Coote
Watford,0.8,0–0,1.1,Bournemouth,20821.0,Mike Dean
Brighton,1.3,3–2,0.7,Everton,30529.0,Andy Madley
Burnley,2.2,2–4,1.0,Chelsea,20975.0,Michael Oliver
Newcastle Utd,0.7,1–1,1.0,Wolves,46019.0,Kevin Friend
Arsenal,1.7,2–2,1.7,Crystal Palace,60345.0,Martin Atkinson
Liverpool,2.5,2–1,1.4,Tottenham,53222.0,Anthony Taylor
Norwich City,1.0,1–3,4.1,Manchester Utd,27108.0,Stuart Attwell
Bournemouth,1.7,1–0,0.7,Manchester Utd,10669.0,Chris Kavanagh
Sheffield Utd,2.1,3–0,0.8,Burnley,31131.0,Simon Hooper
Manchester City,3.1,2–1,0.7,Southampton,53922.0,Lee Mason
Arsenal,1.1,1–1,1.5,Wolves,60383.0,Michael Oliver
Brighton,2.3,2–0,0.4,Norwich City,30539.0,Kevin Friend
Aston Villa,0.7,1–2,2.6,Liverpool,41878.0,Jonathan Moss
West Ham,1.9,2–3,1.5,Newcastle Utd,59907.0,Stuart Attwell
Watford,1.4,1–2,2.6,Chelsea,21011.0,Anthony Taylor
Crystal Palace,0.4,0–2,1.4,Leicester City,25480.0,Paul Tierney
Everton,0.8,1–1,0.5,Tottenham,39001.0,Martin Atkinson
Norwich City,0.8,0–2,0.8,Watford,27074.0,Andre Marriner
Chelsea,2.5,2–0,0.2,Crystal Palace,40525.0,Mike Dean
Southampton,0.9,1–2,1.9,Everton,29754.0,Paul Tierney
Newcastle Utd,3.0,2–1,2.3,Bournemouth,44424.0,Martin Atkinson
Burnley,1.6,3–0,0.4,West Ham,20255.0,Kevin Friend
Tottenham,1.1,1–1,1.0,Sheffield Utd,59781.0,Graham Scott
Leicester City,1.6,2–0,0.8,Arsenal,32209.0,Chris Kavanagh
Manchester Utd,2.2,3–1,0.9,Brighton,73556.0,Jonathan Moss
Wolves,1.9,2–1,0.7,Aston Villa,31607.0,Anthony Taylor
Liverpool,1.0,3–1,1.3,Manchester City,53324.0,Michael Oliver
West Ham,0.7,2–3,1.6,Tottenham,59930.0,Michael Oliver
Brighton,0.8,0–2,3.4,Leicester City,30640.0,Mike Dean
Watford,1.0,0–3,2.3,Burnley,19711.0,Paul Tierney
Crystal Palace,1.0,1–2,1.4,Liverpool,25486.0,Kevin Friend
Arsenal,2.0,2–2,2.8,Southampton,60295.0,Stuart Attwell
Everton,0.8,0–2,1.8,Norwich City,39241.0,Anthony Taylor
Bournemouth,0.5,1–2,1.4,Wolves,10539.0,Simon Hooper
Manchester City,1.1,2–1,1.1,Chelsea,54486.0,Martin Atkinson
Sheffield Utd,1.4,3–3,1.4,Manchester Utd,32024.0,Andre Marriner
Aston Villa,1.8,2–0,0.6,Newcastle Utd,41821.0,Lee Mason
Newcastle Utd,0.3,2–2,2.6,Manchester City,49937.0,Chris Kavanagh
Tottenham,2.8,3–2,1.4,Bournemouth,59626.0,Lee Mason
Burnley,1.5,0–2,0.8,Crystal Palace,19818.0,Peter Bankes
Liverpool,1.9,2–1,1.0,Brighton,53319.0,Martin Atkinson
Chelsea,2.0,0–1,0.8,West Ham,40595.0,Jonathan Moss
Southampton,1.4,2–1,0.7,Watford,26929.0,Michael Oliver
Wolves,1.2,1–1,1.0,Sheffield Utd,31642.0,David Coote
Norwich City,1.3,2–2,2.0,Arsenal,27067.0,Paul Tierney
Leicester City,2.6,2–1,0.9,Everton,32144.0,Graham Scott
Manchester Utd,1.7,2–2,1.4,Aston Villa,73381.0,Craig Pawson
Crystal Palace,0.4,1–0,0.3,Bournemouth,23497.0,Anthony Taylor
Burnley,0.5,1–4,1.8,Manchester City,20101.0,Jonathan Moss
Wolves,1.6,2–0,0.5,West Ham,31217.0,Andre Marriner
Southampton,1.1,2–1,0.8,Norwich City,27019.0,Kevin Friend
Leicester City,3.0,2–0,0.2,Watford,31763.0,Craig Pawson
Chelsea,2.1,2–1,0.7,Aston Villa,40628.0,Chris Kavanagh
Manchester Utd,1.3,2–1,0.5,Tottenham,73252.0,Paul Tierney
Liverpool,2.7,5–2,1.5,Everton,53094.0,Mike Dean
Sheffield Utd,1.3,0–2,0.8,Newcastle Utd,30409.0,Stuart Attwell
Arsenal,1.0,1–2,2.3,Brighton,60164.0,Graham Scott
Everton,1.7,3–1,0.9,Chelsea,39114.0,Craig Pawson
Watford,1.2,0–0,0.2,Crystal Palace,20070.0,Martin Atkinson
Bournemouth,0.2,0–3,2.3,Liverpool,10832.0,Chris Kavanagh
Tottenham,2.3,5–0,0.5,Burnley,58401.0,Kevin Friend
Manchester City,2.0,1–2,1.6,Manchester Utd,54403.0,Anthony Taylor
Norwich City,0.8,1–2,0.7,Sheffield Utd,26881.0,Simon Hooper
Aston Villa,1.0,1–4,4.4,Leicester City,41908.0,Michael Oliver
Newcastle Utd,1.2,2–1,2.3,Southampton,42303.0,David Coote
Brighton,1.0,2–2,1.6,Wolves,30189.0,Jonathan Moss
West Ham,0.6,1–3,1.7,Arsenal,59936.0,Mike Dean
Liverpool,1.6,2–0,1.4,Watford,53311.0,Andre Marriner
Burnley,1.0,1–0,0.7,Newcastle Utd,19798.0,Tim Robinson
Chelsea,1.5,0–1,0.8,Bournemouth,40243.0,Graham Scott
Sheffield Utd,1.4,2–0,1.1,Aston Villa,30396.0,Peter Bankes
Leicester City,1.3,1–1,1.7,Norwich City,32101.0,Andy Madley
Southampton,0.9,0–1,1.0,West Ham,27701.0,Martin Atkinson
Wolves,0.8,1–2,0.9,Tottenham,31674.0,Stuart Attwell
Manchester Utd,1.7,1–1,0.3,Everton,63328.0,Michael Oliver
Arsenal,0.4,0–3,1.8,Manchester City,60031.0,Paul Tierney
Crystal Palace,0.7,1–1,2.3,Brighton,24175.0,Craig Pawson
Everton,0.4,0–0,0.7,Arsenal,39336.0,Kevin Friend
Newcastle Utd,0.5,1–0,1.4,Crystal Palace,45453.0,Simon Hooper
Aston Villa,1.0,1–3,3.1,Southampton,41834.0,Craig Pawson
Brighton,0.5,0–1,1.3,Sheffield Utd,30505.0,Robert Jones
Norwich City,1.3,1–2,1.3,Wolves,27053.0,Peter Bankes
Bournemouth,0.2,0–1,0.2,Burnley,10020.0,Martin Atkinson
Manchester City,3.4,3–1,1.0,Leicester City,54415.0,Mike Dean
Watford,1.5,2–0,1.7,Manchester Utd,21488.0,Lee Mason
Tottenham,0.4,0–2,1.4,Chelsea,61104.0,Anthony Taylor
Tottenham,1.5,2–1,0.6,Brighton,56308.0,Graham Scott
Chelsea,0.5,0–2,0.7,Southampton,40651.0,Jonathan Moss
Crystal Palace,2.0,2–1,0.9,West Ham,25462.0,Andre Marriner
Aston Villa,0.6,1–0,1.1,Norwich City,41289.0,Chris Kavanagh
Everton,1.6,1–0,0.4,Burnley,39177.0,Anthony Taylor
Bournemouth,0.9,1–1,1.5,Arsenal,10234.0,Stuart Attwell
Sheffield Utd,2.1,1–1,0.7,Watford,30222.0,David Coote
Manchester Utd,1.6,4–1,0.9,Newcastle Utd,73206.0,Kevin Friend
Leicester City,0.1,0–4,3.1,Liverpool,32211.0,Michael Oliver
Wolves,1.8,3–2,1.6,Manchester City,31737.0,Martin Atkinson
Brighton,1.0,2–0,0.6,Bournemouth,30441.0,Paul Tierney
Newcastle Utd,1.5,1–2,3.5,Everton,52211.0,Lee Mason
Southampton,1.4,1–1,0.2,Crystal Palace,31108.0,Andy Madley
Watford,2.9,3–0,0.5,Aston Villa,21348.0,Simon Hooper
West Ham,0.9,1–2,2.2,Leicester City,59919.0,David Coote
Norwich City,0.4,2–2,1.8,Tottenham,27072.0,Kevin Friend
Burnley,0.4,0–2,1.8,Manchester Utd,21924.0,Mike Dean
Arsenal,0.8,1–2,1.5,Chelsea,60309.0,Craig Pawson
Liverpool,1.2,1–0,0.6,Wolves,53326.0,Anthony Taylor
Manchester City,1.1,2–0,1.1,Sheffield Utd,54512.0,Chris Kavanagh
Burnley,2.0,1–2,0.9,Aston Villa,19561.0,Michael Oliver
Brighton,0.9,1–1,1.6,Chelsea,30559.0,Stuart Attwell
Southampton,1.4,1–0,0.5,Tottenham,30976.0,Mike Dean
Watford,0.9,2–1,1.4,Wolves,20584.0,Andy Madley
Newcastle Utd,0.7,0–3,1.7,Leicester City,52178.0,Martin Atkinson
Norwich City,1.6,1–1,1.5,Crystal Palace,27021.0,Jonathan Moss
Manchester City,1.6,2–1,1.2,Everton,54407.0,Andre Marriner
West Ham,1.8,4–0,0.3,Bournemouth,59917.0,Graham Scott
Arsenal,1.5,2–0,0.8,Manchester Utd,60328.0,Chris Kavanagh
Liverpool,3.2,2–0,0.8,Sheffield Utd,53321.0,Paul Tierney
Sheffield Utd,1.8,1–0,0.7,West Ham,30124.0,Michael Oliver
Crystal Palace,0.4,1–1,1.3,Arsenal,25468.0,Paul Tierney
Leicester City,1.0,1–2,2.3,Southampton,32115.0,Lee Mason
Everton,1.8,1–0,1.2,Brighton,38772.0,David Coote
Chelsea,2.6,3–0,0.4,Burnley,40396.0,Kevin Friend
Wolves,0.9,1–1,0.3,Newcastle Utd,31570.0,Peter Bankes
Manchester Utd,2.2,4–0,0.3,Norwich City,73271.0,Anthony Taylor
Tottenham,1.6,0–1,1.9,Liverpool,61023.0,Martin Atkinson
Bournemouth,0.3,0–3,2.0,Watford,10384.0,Mike Dean
Aston Villa,1.0,1–6,2.5,Manchester City,41823.0,Jonathan Moss
Watford,1.8,0–0,1.6,Tottenham,21366.0,Michael Oliver
Manchester City,2.1,2–2,0.5,Crystal Palace,54439.0,Graham Scott
Norwich City,2.0,1–0,0.9,Bournemouth,26781.0,Paul Tierney
Arsenal,1.3,1–1,0.7,Sheffield Utd,60310.0,Mike Dean
Southampton,0.7,2–3,1.7,Wolves,31152.0,Darren England
West Ham,1.2,1–1,1.2,Everton,59915.0,Andre Marriner
Brighton,0.7,1–1,0.7,Aston Villa,30551.0,Andy Madley
Newcastle Utd,0.6,1–0,2.0,Chelsea,52217.0,Chris Kavanagh
Burnley,1.4,2–1,2.4,Leicester City,19788.0,Anthony Taylor
Liverpool,2.3,2–0,1.2,Manchester Utd,52916.0,Craig Pawson
Crystal Palace,0.8,0–2,1.3,Southampton,23739.0,Andre Marriner
Aston Villa,1.0,2–1,1.3,Watford,40867.0,Martin Atkinson
Everton,1.6,2–2,0.8,Newcastle Utd,38822.0,Simon Hooper
Bournemouth,1.6,3–1,1.2,Brighton,10065.0,Kevin Friend
Sheffield Utd,0.8,0–1,2.9,Manchester City,31285.0,Lee Mason
Chelsea,2.8,2–2,0.5,Arsenal,40577.0,Stuart Attwell
Tottenham,1.9,2–1,1.6,Norwich City,58182.0,Chris Kavanagh
Leicester City,2.8,4–1,1.6,West Ham,31968.0,David Coote
Manchester Utd,1.8,0–2,0.6,Burnley,73198.0,Jonathan Moss
Wolves,1.6,1–2,1.5,Liverpool,31746.0,Michael Oliver
West Ham,0.8,0–2,2.5,Liverpool,59959.0,Jonathan Moss
Leicester City,1.6,2–2,0.4,Chelsea,32186.0,Lee Mason
West Ham,0.9,3–3,2.0,Brighton,59952.0,Michael Oliver
Newcastle Utd,0.7,0–0,1.4,Norwich City,52204.0,Martin Atkinson
Crystal Palace,1.1,0–1,0.6,Sheffield Utd,25170.0,Andy Madley
Watford,0.6,2–3,2.1,Everton,21229.0,Craig Pawson
Bournemouth,2.2,2–1,1.3,Aston Villa,10722.0,Anthony Taylor
Liverpool,3.2,4–0,1.0,Southampton,53291.0,Kevin Friend
Manchester Utd,0.8,0–0,0.9,Wolves,73363.0,Paul Tierney
Burnley,1.9,0–0,1.0,Arsenal,21048.0,Chris Kavanagh
Tottenham,0.3,2–0,3.0,Manchester City,61022.0,Mike Dean
Everton,2.4,3–1,1.1,Crystal Palace,38987.0,David Coote
Brighton,0.7,1–1,0.3,Watford,30443.0,Kevin Friend
Sheffield Utd,1.7,2–1,1.3,Bournemouth,30361.0,Jonathan Moss
Wolves,0.9,0–0,0.6,Leicester City,31682.0,Mike Dean
Southampton,0.5,1–2,0.6,Burnley,26302.0,Simon Hooper
Norwich City,0.4,0–1,1.9,Liverpool,27110.0,Stuart Attwell
Aston Villa,1.9,2–3,3.5,Tottenham,41874.0,Martin Atkinson
Arsenal,2.0,4–0,0.9,Newcastle Utd,60188.0,Lee Mason
Chelsea,1.4,0–2,0.8,Manchester Utd,40504.0,Anthony Taylor
Manchester City,2.2,2–0,0.1,West Ham,52159.0,Kevin Friend
Chelsea,1.6,2–1,0.4,Tottenham,40608.0,Michael Oliver
Southampton,2.8,2–0,0.5,Aston Villa,31478.0,Craig Pawson
Crystal Palace,1.2,1–0,0.2,Newcastle Utd,25486.0,Peter Bankes
Burnley,2.8,3–0,1.6,Bournemouth,18227.0,Mike Dean
Sheffield Utd,1.5,1–1,1.0,Brighton,31888.0,Graham Scott
Leicester City,1.1,0–1,2.2,Manchester City,32068.0,Paul Tierney
Manchester Utd,2.4,3–0,0.3,Watford,73347.0,Martin Atkinson
Wolves,2.8,3–0,0.4,Norwich City,31046.0,Chris Kavanagh
Arsenal,1.2,3–2,1.9,Everton,60296.0,Stuart Attwell
Liverpool,2.9,3–2,0.7,West Ham,53313.0,Jonathan Moss
Norwich City,0.8,1–0,1.2,Leicester City,27010.0,Craig Pawson
Brighton,1.7,0–1,2.1,Crystal Palace,30124.0,Martin Atkinson
Bournemouth,1.9,2–2,1.9,Chelsea,10667.0,Andre Marriner
West Ham,2.3,3–1,0.8,Southampton,59962.0,Anthony Taylor
Newcastle Utd,1.1,0–0,0.8,Burnley,52219.0,Andy Madley
Watford,2.2,3–0,0.3,Liverpool,21634.0,Michael Oliver
Tottenham,1.5,2–3,2.6,Wolves,58064.0,Stuart Attwell
Everton,2.3,1–1,1.0,Manchester Utd,39374.0,Chris Kavanagh
Liverpool,1.4,2–1,1.3,Bournemouth,53323.0,Paul Tierney
Southampton,0.4,0–1,2.8,Newcastle Utd,30096.0,Graham Scott
Arsenal,1.1,1–0,1.7,West Ham,60335.0,Martin Atkinson
Sheffield Utd,0.9,1–0,1.4,Norwich City,31379.0,Simon Hooper
Wolves,0.6,0–0,0.3,Brighton,31490.0,Andre Marriner
Crystal Palace,0.6,1–0,0.5,Watford,25461.0,Anthony Taylor
Burnley,2.4,1–1,1.2,Tottenham,20496.0,Jonathan Moss
Chelsea,1.9,4–0,0.6,Everton,40694.0,Kevin Friend
Manchester Utd,1.4,2–0,0.6,Manchester City,73288.0,Mike Dean
Leicester City,2.3,4–0,0.5,Aston Villa,32125.0,Michael Oliver
Aston Villa,1.3,0–0,0.3,Sheffield Utd,0.0,Michael Oliver
Manchester City,3.3,3–0,0.2,Arsenal,0.0,Anthony Taylor
Norwich City,0.8,0–3,1.7,Southampton,0.0,Kevin Friend
Tottenham,0.3,1–1,1.7,Manchester Utd,0.0,Jonathan Moss
Watford,0.8,1–1,0.8,Leicester City,0.0,Craig Pawson
Brighton,1.0,2–1,1.3,Arsenal,0.0,Martin Atkinson
West Ham,0.3,0–2,0.7,Wolves,0.0,Anthony Taylor
Bournemouth,0.8,0–2,0.6,Crystal Palace,0.0,Stuart Attwell
Newcastle Utd,1.6,3–0,0.4,Sheffield Utd,0.0,David Coote
Aston Villa,1.1,1–2,1.3,Chelsea,0.0,Paul Tierney
Everton,1.3,0–0,0.8,Liverpool,0.0,Mike Dean
Manchester City,3.0,5–0,0.0,Burnley,0.0,Andre Marriner
Leicester City,0.6,0–0,1.2,Brighton,0.0,Lee Mason
Tottenham,1.6,2–0,0.8,West Ham,0.0,Craig Pawson
Newcastle Utd,0.7,1–1,1.1,Aston Villa,0.0,Chris Kavanagh
Norwich City,0.4,0–1,0.8,Everton,0.0,Andy Madley
Wolves,1.3,1–0,0.1,Bournemouth,0.0,Michael Oliver
Manchester Utd,2.2,3–0,0.2,Sheffield Utd,0.0,Anthony Taylor
Liverpool,2.5,4–0,0.2,Crystal Palace,0.0,Martin Atkinson
Southampton,0.7,0–2,2.7,Arsenal,0.0,Graham Scott
Burnley,1.1,1–0,0.7,Watford,0.0,Mike Dean
Chelsea,3.1,2–1,0.5,Manchester City,0.0,Stuart Attwell
Aston Villa,0.3,0–1,0.4,Wolves,0.0,Craig Pawson
Watford,0.4,1–3,1.2,Southampton,0.0,Michael Oliver
Crystal Palace,1.1,0–1,0.5,Burnley,0.0,Simon Hooper
Brighton,0.5,0–3,0.8,Manchester Utd,0.0,Andre Marriner
Arsenal,2.1,4–0,0.2,Norwich City,0.0,Peter Bankes
Bournemouth,1.4,1–4,1.5,Newcastle Utd,0.0,Kevin Friend
Everton,1.1,2–1,1.6,Leicester City,0.0,David Coote
West Ham,2.8,3–2,1.6,Chelsea,0.0,Martin Atkinson
Sheffield Utd,1.6,3–1,1.0,Tottenham,0.0,Chris Kavanagh
Manchester City,2.7,4–0,1.3,Liverpool,0.0,Anthony Taylor
Norwich City,0.5,0–1,0.5,Brighton,0.0,Stuart Attwell
Manchester Utd,2.2,5–2,1.2,Bournemouth,0.0,Mike Dean
Leicester City,2.4,3–0,0.5,Crystal Palace,0.0,Jonathan Moss
Wolves,0.9,0–2,1.2,Arsenal,0.0,Michael Oliver
Chelsea,2.3,3–0,0.4,Watford,0.0,Kevin Friend
Burnley,1.5,1–1,1.3,Sheffield Utd,0.0,Peter Bankes
Newcastle Utd,1.0,2–2,1.6,West Ham,0.0,Craig Pawson
Liverpool,0.8,2–0,0.5,Aston Villa,0.0,Paul Tierney
Southampton,0.8,1–0,2.9,Manchester City,0.0,Andre Marriner
Tottenham,0.6,1–0,0.4,Everton,0.0,Graham Scott
Watford,0.8,2–1,1.4,Norwich City,0.0,Anthony Taylor
Crystal Palace,1.4,2–3,1.9,Chelsea,0.0,David Coote
Arsenal,1.7,1–1,1.7,Leicester City,0.0,Chris Kavanagh
Sheffield Utd,0.7,1–0,0.4,Wolves,0.0,Martin Atkinson
West Ham,1.8,0–1,1.0,Burnley,0.0,Michael Oliver
Manchester City,3.3,5–0,0.2,Newcastle Utd,0.0,Andy Madley
Brighton,2.2,1–3,1.9,Liverpool,0.0,Craig Pawson
Everton,1.0,1–1,2.4,Southampton,0.0,Lee Mason
Bournemouth,1.1,0–0,0.6,Tottenham,0.0,Paul Tierney
Aston Villa,0.5,0–3,2.6,Manchester Utd,0.0,Jonathan Moss
Norwich City,0.7,0–4,2.7,West Ham,0.0,Kevin Friend
Watford,3.0,2–1,1.4,Newcastle Utd,0.0,Craig Pawson
Liverpool,2.1,1–1,0.8,Burnley,0.0,David Coote
Sheffield Utd,1.9,3–0,0.9,Chelsea,0.0,Andre Marriner
Brighton,0.1,0–5,5.0,Manchester City,0.0,Graham Scott
Wolves,2.4,3–0,0.3,Everton,0.0,Anthony Taylor
Aston Villa,1.7,2–0,1.3,Crystal Palace,0.0,Martin Atkinson
Tottenham,1.5,2–1,0.8,Arsenal,0.0,Michael Oliver
Bournemouth,1.8,4–1,1.2,Leicester City,0.0,Stuart Attwell
Manchester Utd,1.2,2–2,1.6,Southampton,0.0,Chris Kavanagh
Chelsea,2.4,1–0,0.0,Norwich City,0.0,Jonathan Moss
Burnley,1.8,1–1,1.1,Wolves,0.0,Mike Dean
Newcastle Utd,1.1,1–3,1.3,Tottenham,0.0,David Coote
Manchester City,0.8,2–1,1.7,Bournemouth,0.0,Lee Mason
Arsenal,1.1,2–1,2.8,Liverpool,0.0,Paul Tierney
Leicester City,2.2,2–0,0.2,Sheffield Utd,0.0,Michael Oliver
Everton,0.6,1–1,1.5,Aston Villa,0.0,Anthony Taylor
Southampton,1.9,1–1,0.8,Brighton,0.0,Andre Marriner
Crystal Palace,0.8,0–2,1.8,Manchester Utd,0.0,Graham Scott
West Ham,0.7,3–1,1.5,Watford,0.0,Martin Atkinson
Norwich City,0.3,0–2,1.8,Burnley,0.0,Kevin Friend
Bournemouth,1.1,0–2,2.1,Southampton,0.0,Craig Pawson
Tottenham,0.5,3–0,1.7,Leicester City,0.0,Anthony Taylor
Sheffield Utd,0.5,0–1,0.3,Everton,0.0,Stuart Attwell
Brighton,0.6,0–0,0.7,Newcastle Utd,0.0,Simon Hooper
Wolves,1.5,2–0,0.3,Crystal Palace,0.0,Peter Bankes
Watford,0.1,0–4,3.5,Manchester City,0.0,Michael Oliver
Aston Villa,0.6,1–0,0.7,Arsenal,0.0,Chris Kavanagh
Manchester Utd,0.7,1–1,1.8,West Ham,0.0,Paul Tierney
Liverpool,1.4,5–3,2.3,Chelsea,0.0,Andre Marriner
Burnley,1.8,1–2,1.1,Brighton,0.0,Jonathan Moss
West Ham,0.7,1–1,1.2,Aston Villa,0.0,Michael Oliver
Arsenal,1.7,3–2,3.4,Watford,0.0,Mike Dean
Crystal Palace,0.8,1–1,0.4,Tottenham,0.0,Andre Marriner
Everton,2.2,1–3,1.8,Bournemouth,0.0,Chris Kavanagh
Chelsea,1.3,2–0,0.2,Wolves,0.0,Stuart Attwell
Newcastle Utd,0.4,1–3,0.6,Liverpool,0.0,Anthony Taylor
Leicester City,1.4,0–2,1.9,Manchester Utd,0.0,Martin Atkinson
Manchester City,3.2,5–0,1.1,Norwich City,0.0,Craig Pawson
Southampton,2.2,3–1,1.4,Sheffield Utd,0.0,Peter Bankes
Fulham,0.2,0–3,1.8,Arsenal,,Chris Kavanagh
Crystal Palace,0.7,1–0,0.8,Southampton,,Jonathan Moss
Liverpool,3.3,4–3,0.6,Leeds United,,Michael Oliver
West Ham,1.1,0–2,1.5,Newcastle Utd,,Stuart Attwell
West Brom,0.5,0–3,2.2,Leicester City,,Anthony Taylor
Tottenham,1.0,0–1,1.4,Everton,,Martin Atkinson
Sheffield Utd,0.6,0–2,1.1,Wolves,,Mike Dean
Brighton,1.4,1–3,1.2,Chelsea,,Craig Pawson
Everton,3.4,5–2,0.3,West Brom,,Mike Dean
Leeds United,1.7,4–3,1.8,Fulham,,Anthony Taylor
Manchester Utd,1.1,1–3,1.6,Crystal Palace,,Martin Atkinson
Arsenal,1.4,2–1,1.9,West Ham,,Michael Oliver
Southampton,1.5,2–5,2.5,Tottenham,,David Coote
Newcastle Utd,0.5,0–3,1.6,Brighton,,Kevin Friend
Chelsea,1.0,0–2,2.6,Liverpool,,Paul Tierney
Leicester City,1.4,4–2,1.9,Burnley,,Lee Mason
Aston Villa,1.0,1–0,0.9,Sheffield Utd,,Graham Scott
Wolves,1.0,1–3,1.9,Manchester City,,Andre Marriner
Brighton,2.4,2–3,1.1,Manchester Utd,,Chris Kavanagh
Crystal Palace,0.4,1–2,2.0,Everton,,Kevin Friend
West Brom,1.0,3–3,2.2,Chelsea,,Jonathan Moss
Burnley,0.5,0–1,0.6,Southampton,,Andre Marriner
Sheffield Utd,1.6,0–1,1.6,Leeds United,,Paul Tierney
Tottenham,2.3,1–1,1.0,Newcastle Utd,,Peter Bankes
Manchester City,0.9,2–5,2.6,Leicester City,,Michael Oliver
West Ham,1.6,4–0,0.5,Wolves,,Martin Atkinson
Fulham,0.7,0–3,1.6,Aston Villa,,Stuart Attwell
Liverpool,3.2,3–1,1.2,Arsenal,,Craig Pawson
Chelsea,2.5,4–0,0.1,Crystal Palace,,Michael Oliver
Everton,1.8,4–2,1.2,Brighton,,Simon Hooper
Leeds United,1.7,1–1,1.5,Manchester City,,Mike Dean
Newcastle Utd,2.0,3–1,0.6,Burnley,,David Coote
Leicester City,0.4,0–3,1.6,West Ham,,Andy Madley
Southampton,1.2,2–0,0.1,West Brom,,Chris Kavanagh
Arsenal,0.4,2–1,0.2,Sheffield Utd,,Lee Mason
Wolves,1.2,1–0,0.7,Fulham,,Darren England
Manchester Utd,0.9,1–6,3.8,Tottenham,,Anthony Taylor
Aston Villa,3.9,7–2,1.8,Liverpool,,Martin Atkinson
Everton,1.3,2–2,2.2,Liverpool,,Michael Oliver
Chelsea,2.0,3–3,2.2,Southampton,,Peter Bankes
Manchester City,1.5,1–0,0.9,Arsenal,,Chris Kavanagh
Newcastle Utd,0.5,1–4,2.7,Manchester Utd,,Craig Pawson
Sheffield Utd,1.5,1–1,1.7,Fulham,,Andre Marriner
Crystal Palace,0.8,1–1,1.1,Brighton,,Stuart Attwell
Tottenham,1.2,3–3,2.1,West Ham,,Paul Tierney
Leicester City,0.5,0–1,0.6,Aston Villa,,Jonathan Moss
West Brom,1.0,0–0,1.1,Burnley,,Anthony Taylor
Leeds United,1.6,0–1,0.5,Wolves,,David Coote
Aston Villa,1.2,0–3,3.6,Leeds United,,Paul Tierney
West Ham,0.5,1–1,1.1,Manchester City,,Anthony Taylor
Fulham,1.1,1–2,2.6,Crystal Palace,,Graham Scott
Manchester Utd,0.7,0–0,0.2,Chelsea,,Martin Atkinson
Liverpool,2.5,2–1,1.5,Sheffield Utd,,Mike Dean
Southampton,0.7,2–0,0.4,Everton,,Kevin Friend
Wolves,0.7,1–1,0.2,Newcastle Utd,,Lee Mason
Arsenal,0.9,0–1,1.2,Leicester City,,Craig Pawson
Brighton,0.7,1–1,0.6,West Brom,,Jonathan Moss
Burnley,0.6,0–1,0.8,Tottenham,,Michael Oliver
Wolves,1.3,2–0,0.6,Crystal Palace,,Martin Atkinson
Sheffield Utd,0.5,0–1,1.5,Manchester City,,Michael Oliver
Burnley,0.4,0–3,1.4,Chelsea,,David Coote
Liverpool,1.8,2–1,0.5,West Ham,,Kevin Friend
Aston Villa,1.8,3–4,0.7,Southampton,,Darren England
Newcastle Utd,2.5,2–1,1.2,Everton,,Stuart Attwell
Manchester Utd,0.3,0–1,1.1,Arsenal,,Mike Dean
Tottenham,1.8,2–1,0.4,Brighton,,Graham Scott
Fulham,1.5,2–0,0.5,West Brom,,Simon Hooper
Leeds United,1.0,1–4,3.5,Leicester City,,Andre Marriner
Brighton,1.3,0–0,0.3,Burnley,,Mike Dean
Southampton,0.9,2–0,0.5,Newcastle Utd,,Peter Bankes
Everton,0.6,1–3,1.6,Manchester Utd,,Paul Tierney
Crystal Palace,0.9,4–1,0.8,Leeds United,,Chris Kavanagh
Chelsea,2.7,4–1,0.6,Sheffield Utd,,Jonathan Moss
West Ham,1.3,1–0,1.6,Fulham,,Robert Jones
West Brom,0.8,0–1,1.6,Tottenham,,Andy Madley
Leicester City,1.9,1–0,0.5,Wolves,,Anthony Taylor
Manchester City,1.6,1–1,1.4,Liverpool,,Craig Pawson
Arsenal,1.5,0–3,1.7,Aston Villa,,Martin Atkinson
Newcastle Utd,0.6,0–2,1.6,Chelsea,,Craig Pawson
Aston Villa,1.5,1–2,1.3,Brighton,,Michael Oliver
Tottenham,0.7,2–0,1.3,Manchester City,,Mike Dean
Manchester Utd,2.5,1–0,0.6,West Brom,,David Coote
Fulham,2.0,2–3,1.6,Everton,,Andy Madley
Sheffield Utd,0.7,0–1,2.2,West Ham,,Martin Atkinson
Leeds United,2.5,0–0,0.9,Arsenal,,Anthony Taylor
Liverpool,3.7,3–0,1.3,Leicester City,,Chris Kavanagh
Burnley,1.6,1–0,1.4,Crystal Palace,,Kevin Friend
Wolves,1.9,1–1,1.5,Southampton,,Andre Marriner
Crystal Palace,1.0,0–2,1.5,Newcastle Utd,,Graham Scott
Brighton,2.1,1–1,0.5,Liverpool,,Stuart Attwell
Manchester City,2.8,5–0,0.4,Burnley,,Lee Mason
Everton,1.6,0–1,2.9,Leeds United,,Chris Kavanagh
West Brom,1.3,1–0,2.7,Sheffield Utd,,Mike Dean
Southampton,0.4,2–3,2.3,Manchester Utd,,Jonathan Moss
Chelsea,1.0,0–0,0.2,Tottenham,,Paul Tierney
Arsenal,1.2,1–2,1.4,Wolves,,Michael Oliver
Leicester City,0.9,1–2,1.8,Fulham,,Simon Hooper
West Ham,0.6,2–1,2.6,Aston Villa,,Peter Bankes
Burnley,0.8,1–1,1.7,Everton,,Anthony Taylor
Manchester City,3.0,2–0,0.2,Fulham,,Jonathan Moss
West Ham,2.2,1–3,1.9,Manchester Utd,2000.0,Andre Marriner
Chelsea,3.7,3–1,1.3,Leeds United,2000.0,Kevin Friend
West Brom,0.8,1–5,1.8,Crystal Palace,,Paul Tierney
Sheffield Utd,0.3,1–2,1.5,Leicester City,,Stuart Attwell
Tottenham,0.5,2–0,0.8,Arsenal,2000.0,Martin Atkinson
Liverpool,1.2,4–0,0.5,Wolves,2000.0,Craig Pawson
Brighton,2.1,1–2,1.1,Southampton,2000.0,David Coote
Leeds United,1.8,1–2,1.9,West Ham,,Michael Oliver
Wolves,1.2,0–1,1.1,Aston Villa,,Mike Dean
Newcastle Utd,1.1,2–1,0.6,West Brom,,Darren England
Manchester Utd,1.0,0–0,1.2,Manchester City,,Chris Kavanagh
Everton,1.3,1–0,0.9,Chelsea,2000.0,Jonathan Moss
Southampton,1.4,3–0,0.4,Sheffield Utd,2000.0,Andy Madley
Crystal Palace,1.2,1–1,1.1,Tottenham,2000.0,Kevin Friend
Fulham,1.5,1–1,2.1,Liverpool,2000.0,Andre Marriner
Leicester City,1.7,3–0,1.1,Brighton,,Martin Atkinson
Arsenal,1.5,0–1,0.9,Burnley,2000.0,Graham Scott
Wolves,0.5,2–1,1.3,Chelsea,,Stuart Attwell
Manchester City,1.9,1–1,0.3,West Brom,,Peter Bankes
Leeds United,2.8,5–2,0.9,Newcastle Utd,,Simon Hooper
Arsenal,0.7,1–1,1.1,Southampton,,Paul Tierney
Leicester City,0.7,0–2,1.2,Everton,,Lee Mason
Liverpool,1.2,2–1,1.3,Tottenham,2000.0,Anthony Taylor
West Ham,0.3,1–1,0.9,Crystal Palace,,David Coote
Fulham,0.8,0–0,0.6,Brighton,,Robert Jones
Aston Villa,2.0,0–0,0.4,Burnley,,Craig Pawson
Sheffield Utd,1.6,2–3,2.0,Manchester Utd,,Michael Oliver
Crystal Palace,0.3,0–7,2.1,Liverpool,,Jonathan Moss
Southampton,1.0,0–1,1.1,Manchester City,,Mike Dean
Everton,0.8,2–1,1.4,Arsenal,,Andre Marriner
Newcastle Utd,1.4,1–1,0.7,Fulham,,Graham Scott
Brighton,2.6,1–1,0.7,Sheffield Utd,,Peter Bankes
Tottenham,1.1,0–2,1.5,Leicester City,,Craig Pawson
Manchester Utd,4.0,6–2,1.7,Leeds United,,Anthony Taylor
West Brom,0.0,0–3,2.3,Aston Villa,,Martin Atkinson
Burnley,1.8,2–1,1.4,Wolves,,Lee Mason
Chelsea,2.1,3–0,0.5,West Ham,,Chris Kavanagh
Leicester City,1.2,2–2,2.2,Manchester Utd,,Mike Dean
Fulham,0.9,0–0,0.1,Southampton,,Darren England
Aston Villa,3.5,3–0,1.1,Crystal Palace,,Anthony Taylor
Arsenal,2.1,3–1,2.3,Chelsea,,Michael Oliver
Sheffield Utd,1.2,0–1,0.7,Everton,,David Coote
Manchester City,1.8,2–0,0.3,Newcastle Utd,,Andre Marriner
Leeds United,1.8,1–0,1.1,Burnley,,Robert Jones
West Ham,1.2,2–2,1.2,Brighton,,Simon Hooper
Liverpool,1.6,1–1,0.5,West Brom,2000.0,Kevin Friend
Wolves,1.0,1–1,0.4,Tottenham,,Paul Tierney
Crystal Palace,0.5,1–1,1.8,Leicester City,,Graham Scott
Chelsea,1.4,1–1,0.8,Aston Villa,,Stuart Attwell
Burnley,0.8,1–0,0.4,Sheffield Utd,,Chris Kavanagh
West Brom,0.6,0–5,0.9,Leeds United,,Lee Mason
Brighton,0.8,0–1,1.2,Arsenal,,Martin Atkinson
Southampton,0.5,0–0,0.9,West Ham,,Andy Madley
Manchester Utd,1.3,1–0,0.4,Wolves,,Jonathan Moss
Newcastle Utd,0.3,0–0,1.1,Liverpool,,Paul Tierney
Everton,0.3,0–1,1.3,West Ham,,Kevin Friend
Manchester Utd,1.9,2–1,1.6,Aston Villa,,Michael Oliver
Tottenham,2.6,3–0,1.0,Leeds United,,David Coote
Crystal Palace,0.6,2–0,0.3,Sheffield Utd,,Stuart Attwell
Brighton,1.7,3–3,1.7,Wolves,,Andy Madley
West Brom,0.4,0–4,3.3,Arsenal,,Martin Atkinson
Newcastle Utd,0.2,1–2,0.9,Leicester City,,Robert Jones
Chelsea,0.8,1–3,2.4,Manchester City,,Anthony Taylor
Southampton,0.6,1–0,1.1,Liverpool,,Andre Marriner
Sheffield Utd,1.8,1–0,0.5,Newcastle Utd,,Andy Madley
Burnley,0.9,0–1,1.2,Manchester Utd,,Kevin Friend
Wolves,1.0,1–2,0.6,Everton,,Martin Atkinson
Manchester City,2.6,1–0,0.2,Brighton,,Darren England
Tottenham,2.3,1–1,0.9,Fulham,,Paul Tierney
Arsenal,0.6,0–0,0.9,Crystal Palace,,Andre Marriner
Wolves,2.2,2–3,2.3,West Brom,,Michael Oliver
Leeds United,0.3,0–1,1.3,Brighton,,Kevin Friend
West Ham,1.7,1–0,0.5,Burnley,,Chris Kavanagh
Fulham,0.8,0–1,1.5,Chelsea,,Peter Bankes
Leicester City,2.1,2–0,0.8,Southampton,,Stuart Attwell
Sheffield Utd,0.7,1–3,1.2,Tottenham,,Andre Marriner
Liverpool,1.7,0–0,0.9,Manchester Utd,,Paul Tierney
Manchester City,0.9,4–0,0.0,Crystal Palace,,Lee Mason
Arsenal,2.8,3–0,0.2,Newcastle Utd,,David Coote
West Ham,1.3,2–1,0.4,West Brom,,Graham Scott
Leicester City,1.2,2–0,0.8,Chelsea,,Craig Pawson
Manchester City,4.3,2–0,0.8,Aston Villa,,Jonathan Moss
Fulham,0.9,1–2,1.2,Manchester Utd,,Martin Atkinson
Liverpool,2.3,0–1,1.4,Burnley,,Mike Dean
Aston Villa,1.8,2–0,0.6,Newcastle Utd,,Simon Hooper
Newcastle Utd,1.4,1–2,0.9,Leeds United,,Anthony Taylor
Crystal Palace,0.5,2–3,3.0,West Ham,,Stuart Attwell
Southampton,1.2,1–3,2.0,Arsenal,,Kevin Friend
West Brom,0.4,0–5,2.0,Manchester City,,Chris Kavanagh
Burnley,0.5,3–2,2.1,Aston Villa,,Paul Tierney
Chelsea,0.8,0–0,0.4,Wolves,,Andy Madley
Brighton,2.0,0–0,1.0,Fulham,,Craig Pawson
Everton,0.6,1–1,1.1,Leicester City,,Mike Dean
Manchester Utd,1.7,1–2,1.0,Sheffield Utd,,Peter Bankes
Tottenham,0.2,1–3,2.1,Liverpool,,Martin Atkinson
Everton,1.0,0–2,1.8,Newcastle Utd,,Stuart Attwell
West Brom,0.6,2–2,1.8,Fulham,,Anthony Taylor
Manchester City,1.2,1–0,0.2,Sheffield Utd,,David Coote
Crystal Palace,0.8,1–0,0.4,Wolves,,Simon Hooper
Arsenal,1.1,0–0,1.5,Manchester Utd,,Michael Oliver
Southampton,1.7,0–1,0.5,Aston Villa,,Lee Mason
Chelsea,1.3,2–0,0.2,Burnley,,Graham Scott
Leicester City,1.9,1–3,1.8,Leeds United,,Chris Kavanagh
West Ham,1.0,1–3,1.9,Liverpool,,Jonathan Moss
Brighton,1.9,1–0,0.5,Tottenham,,Peter Bankes
Wolves,1.5,2–1,0.6,Arsenal,,Craig Pawson
Sheffield Utd,1.1,2–1,1.5,West Brom,,Paul Tierney
Manchester Utd,3.7,9–0,0.5,Southampton,,Mike Dean
Newcastle Utd,1.8,1–2,0.9,Crystal Palace,,Darren England
Burnley,0.1,0–2,2.6,Manchester City,,Martin Atkinson
Fulham,0.7,0–2,1.1,Leicester City,,Robert Jones
Leeds United,0.9,1–2,1.8,Everton,,Michael Oliver
Liverpool,0.7,0–1,1.1,Brighton,,Kevin Friend
Aston Villa,0.7,1–3,1.5,West Ham,,Andy Madley
Tottenham,0.3,0–1,2.2,Chelsea,,Andre Marriner
Aston Villa,1.1,1–0,1.1,Arsenal,,Chris Kavanagh
Newcastle Utd,0.8,3–2,1.4,Southampton,,Craig Pawson
Burnley,2.1,1–1,0.6,Brighton,,Anthony Taylor
Fulham,1.4,0–0,0.8,West Ham,,Mike Dean
Manchester Utd,1.4,3–3,1.1,Everton,,Jonathan Moss
Tottenham,1.5,2–0,0.4,West Brom,,Stuart Attwell
Wolves,1.9,0–0,0.7,Leicester City,,Martin Atkinson
Liverpool,1.3,1–4,3.1,Manchester City,,Michael Oliver
Sheffield Utd,0.4,1–2,1.4,Chelsea,,Kevin Friend
Leeds United,2.8,2–0,0.5,Crystal Palace,,Andre Marriner
Leicester City,2.6,3–1,1.8,Liverpool,,Anthony Taylor
Crystal Palace,0.6,0–3,1.3,Burnley,,Michael Oliver
Manchester City,2.9,3–0,0.6,Tottenham,,Paul Tierney
Brighton,1.7,0–0,0.1,Aston Villa,,Darren England
Southampton,0.7,1–2,1.1,Wolves,,Graham Scott
West Brom,1.1,1–1,0.4,Manchester Utd,,Craig Pawson
Arsenal,2.4,4–2,0.7,Leeds United,,Stuart Attwell
Everton,0.3,0–2,2.7,Fulham,,Andy Madley
West Ham,1.9,3–0,0.7,Sheffield Utd,,Simon Hooper
Chelsea,2.0,2–0,0.7,Newcastle Utd,,Peter Bankes
Burnley,1.4,1–1,0.5,Fulham,,Jonathan Moss
Everton,1.0,1–3,1.5,Manchester City,,Andre Marriner
Wolves,0.8,1–0,1.4,Leeds United,,David Coote
Southampton,0.5,1–1,1.2,Chelsea,,Anthony Taylor
Burnley,0.4,0–0,1.0,West Brom,,Mike Dean
Liverpool,1.7,0–2,1.5,Everton,,Chris Kavanagh
Fulham,1.1,1–0,0.5,Sheffield Utd,,Martin Atkinson
West Ham,1.1,2–1,1.2,Tottenham,,Craig Pawson
Aston Villa,1.2,1–2,1.2,Leicester City,,Michael Oliver
Arsenal,0.3,0–1,2.0,Manchester City,,Jonathan Moss
Manchester Utd,1.8,3–1,0.5,Newcastle Utd,,Paul Tierney
Brighton,2.6,1–2,0.2,Crystal Palace,,Kevin Friend
Leeds United,1.3,3–0,0.7,Southampton,,Andre Marriner
Manchester City,0.6,2–1,1.6,West Ham,,Michael Oliver
West Brom,0.5,1–0,2.6,Brighton,,Lee Mason
Leeds United,0.7,0–1,0.9,Aston Villa,,Peter Bankes
Newcastle Utd,1.5,1–1,1.0,Wolves,,Mike Dean
Crystal Palace,0.1,0–0,1.0,Fulham,,Anthony Taylor
Leicester City,0.5,1–3,2.2,Arsenal,,Paul Tierney
Tottenham,2.2,4–0,0.5,Burnley,,Kevin Friend
Chelsea,1.1,0–0,0.5,Manchester Utd,,Stuart Attwell
Sheffield Utd,0.6,0–2,2.9,Liverpool,,Jonathan Moss
Everton,1.6,1–0,1.0,Southampton,,Martin Atkinson
Manchester City,2.3,4–1,0.4,Wolves,,Chris Kavanagh
Burnley,1.5,1–1,1.3,Leicester City,,Andy Madley
Sheffield Utd,1.0,1–0,1.6,Aston Villa,,Robert Jones
Crystal Palace,0.8,0–0,0.9,Manchester Utd,,Andre Marriner
West Brom,1.0,0–1,1.2,Everton,,Darren England
Fulham,0.8,0–1,1.4,Tottenham,,David Coote
Liverpool,0.3,0–1,1.0,Chelsea,,Martin Atkinson
Burnley,1.5,1–1,2.4,Arsenal,,Andre Marriner
Sheffield Utd,0.7,0–2,1.6,Southampton,,Paul Tierney
Aston Villa,0.6,0–0,1.7,Wolves,,Andy Madley
Brighton,1.0,1–2,1.1,Leicester City,,Michael Oliver
West Brom,1.0,0–0,0.4,Newcastle Utd,,Martin Atkinson
Liverpool,1.0,0–1,1.1,Fulham,,Kevin Friend
Manchester City,1.5,0–2,1.6,Manchester Utd,,Anthony Taylor
Tottenham,2.7,4–1,0.3,Crystal Palace,,Stuart Attwell
Chelsea,2.9,2–0,0.3,Everton,,David Coote
West Ham,1.9,2–0,1.7,Leeds United,,Mike Dean
Manchester City,2.7,5–2,1.8,Southampton,,Jonathan Moss
Newcastle Utd,1.1,1–1,0.7,Aston Villa,,Paul Tierney
Leeds United,0.4,0–0,1.4,Chelsea,,Kevin Friend
Crystal Palace,1.3,1–0,0.8,West Brom,,Simon Hooper
Everton,1.6,1–2,1.4,Burnley,,Jonathan Moss
Fulham,0.3,0–3,2.3,Manchester City,,Andre Marriner
Southampton,1.0,1–2,0.9,Brighton,,Stuart Attwell
Leicester City,4.0,5–0,0.1,Sheffield Utd,,Peter Bankes
Arsenal,1.7,2–1,0.6,Tottenham,,Michael Oliver
Manchester Utd,1.2,1–0,0.6,West Ham,,Martin Atkinson
Wolves,0.8,0–1,1.1,Liverpool,,Craig Pawson
Fulham,1.4,1–2,1.5,Leeds United,,David Coote
Brighton,1.2,3–0,0.1,Newcastle Utd,,Anthony Taylor
West Ham,2.3,3–3,1.7,Arsenal,,Jonathan Moss
Aston Villa,0.5,0–2,2.2,Tottenham,,Mike Dean
Chelsea,2.4,2–5,1.9,West Brom,,David Coote
Leeds United,2.5,2–1,1.0,Sheffield Utd,,Graham Scott
Leicester City,0.4,0–2,2.3,Manchester City,,Anthony Taylor
Arsenal,0.3,0–3,2.2,Liverpool,,Stuart Attwell
Southampton,1.9,3–2,1.8,Burnley,,Andre Marriner
Newcastle Utd,2.7,2–2,1.7,Tottenham,,Craig Pawson
Aston Villa,1.6,3–1,1.7,Fulham,,Andy Madley
Manchester Utd,1.8,2–1,1.1,Brighton,,Mike Dean
Everton,2.7,1–1,0.8,Crystal Palace,,Kevin Friend
Wolves,2.5,2–3,1.2,West Ham,,Michael Oliver
Fulham,0.9,0–1,0.4,Wolves,,Jonathan Moss
Manchester City,2.4,1–2,0.3,Leeds United,,Andre Marriner
Liverpool,2.5,2–1,1.0,Aston Villa,,Paul Tierney
Crystal Palace,0.1,1–4,2.5,Chelsea,,Michael Oliver
Burnley,1.8,1–2,1.2,Newcastle Utd,,Anthony Taylor
West Ham,1.1,3–2,0.9,Leicester City,,Mike Dean
Tottenham,1.0,1–3,1.9,Manchester Utd,,Chris Kavanagh
Sheffield Utd,0.5,0–3,2.2,Arsenal,,Peter Bankes
West Brom,2.9,3–0,2.1,Southampton,,Simon Hooper
Brighton,1.2,0–0,0.4,Everton,,Darren England
Everton,2.3,2–2,1.2,Tottenham,,Michael Oliver
Newcastle Utd,1.8,3–2,1.5,West Ham,,Kevin Friend
Wolves,1.4,1–0,0.5,Sheffield Utd,,Robert Jones
Arsenal,2.9,1–1,0.9,Fulham,,Craig Pawson
Manchester Utd,2.8,3–1,0.4,Burnley,,Jonathan Moss
Leeds United,1.8,1–1,2.3,Liverpool,,Anthony Taylor
Chelsea,1.0,0–0,0.7,Brighton,,Stuart Attwell
Tottenham,1.8,2–1,0.8,Southampton,,David Coote
Aston Villa,0.7,1–2,1.4,Manchester City,,Peter Bankes
Leicester City,2.3,3–0,0.4,West Brom,,Andy Madley
Arsenal,0.9,0–1,0.8,Everton,,Jonathan Moss
Liverpool,1.9,1–1,1.2,Newcastle Utd,,Andre Marriner
West Ham,0.4,0–1,2.2,Chelsea,,Chris Kavanagh
Sheffield Utd,0.8,1–0,2.2,Brighton,,Kevin Friend
Wolves,0.3,0–4,2.1,Burnley,,Darren England
Leeds United,0.4,0–0,1.3,Manchester Utd,,Craig Pawson
Aston Villa,2.3,2–2,1.4,West Brom,,Stuart Attwell
Leicester City,1.1,2–1,0.6,Crystal Palace,,Graham Scott
Southampton,1.1,1–1,1.7,Leicester City,,Robert Jones
Crystal Palace,0.8,0–2,2.1,Manchester City,,David Coote
Brighton,2.6,2–0,0.8,Leeds United,,Chris Kavanagh
Chelsea,1.9,2–0,0.3,Fulham,,Kevin Friend
Everton,1.2,1–2,1.9,Aston Villa,,Simon Hooper
Newcastle Utd,0.2,0–2,1.9,Arsenal,,Mike Dean
Tottenham,2.0,4–0,0.5,Sheffield Utd,,Andre Marriner
West Brom,1.4,1–1,1.4,Wolves,,Paul Tierney
Burnley,1.8,1–2,1.8,West Ham,,Anthony Taylor
Leicester City,2.3,2–4,2.6,Newcastle Utd,,Darren England
Leeds United,2.6,3–1,1.0,Tottenham,,Michael Oliver
Sheffield Utd,0.7,0–2,2.1,Crystal Palace,,Simon Hooper
Manchester City,2.2,1–2,0.8,Chelsea,,Anthony Taylor
Liverpool,2.2,2–0,1.3,Southampton,,Kevin Friend
Wolves,1.2,2–1,0.4,Brighton,,Jonathan Moss
Aston Villa,0.5,1–3,1.8,Manchester Utd,,Chris Kavanagh
West Ham,1.1,0–1,1.7,Everton,,Stuart Attwell
Arsenal,0.9,3–1,1.3,West Brom,,Peter Bankes
Fulham,0.9,0–2,2.0,Burnley,,David Coote
Manchester Utd,0.4,1–2,0.7,Leicester City,,Craig Pawson
Southampton,1.3,3–1,1.5,Crystal Palace,,Andy Madley
Chelsea,2.1,0–1,0.8,Arsenal,,Andre Marriner
Aston Villa,0.7,0–0,1.1,Everton,,Martin Atkinson
Manchester Utd,2.0,2–4,2.6,Liverpool,,Anthony Taylor
Newcastle Utd,2.2,3–4,1.3,Manchester City,,Kevin Friend
Burnley,1.5,0–4,2.3,Leeds United,,Graham Scott
Southampton,1.9,3–1,1.1,Fulham,,Craig Pawson
Brighton,0.9,1–1,1.1,West Ham,,Andre Marriner
Crystal Palace,1.6,3–2,1.3,Aston Villa,,David Coote
Tottenham,3.0,2–0,1.2,Wolves,,Martin Atkinson
West Brom,0.8,1–2,2.4,Liverpool,,Mike Dean
Everton,1.3,0–1,1.6,Sheffield Utd,,Jonathan Moss
Manchester Utd,1.1,1–1,0.8,Fulham,10000.0,Lee Mason
Southampton,1.1,0–2,1.3,Leeds United,8000.0,Peter Bankes
Brighton,1.4,3–2,1.0,Manchester City,7945.0,Stuart Attwell
Chelsea,2.8,2–1,0.9,Leicester City,8000.0,Mike Dean
Tottenham,1.1,1–2,2.0,Aston Villa,10000.0,Craig Pawson
Everton,0.7,1–0,0.5,Wolves,4988.0,Andy Madley
Newcastle Utd,1.5,1–0,0.8,Sheffield Utd,10000.0,Robert Jones
Crystal Palace,1.0,1–3,1.3,Arsenal,6500.0,Anthony Taylor
Burnley,0.7,0–3,2.9,Liverpool,3387.0,Chris Kavanagh
West Brom,1.1,1–3,3.7,West Ham,5371.0,Michael Oliver
Leicester City,1.9,2–4,1.9,Tottenham,8000.0,Anthony Taylor
Manchester City,2.6,5–0,1.2,Everton,10000.0,Michael Oliver
Liverpool,1.8,2–0,0.7,Crystal Palace,9901.0,Craig Pawson
Sheffield Utd,0.6,1–0,1.0,Burnley,5000.0,Kevin Friend
Wolves,0.9,1–2,1.7,Manchester Utd,4500.0,Mike Dean
Arsenal,1.1,2–0,0.4,Brighton,10000.0,Jonathan Moss
Leeds United,2.0,3–1,1.7,West Brom,8000.0,David Coote
Fulham,0.9,0–2,1.2,Newcastle Utd,2000.0,Chris Kavanagh
Aston Villa,1.0,2–1,2.4,Chelsea,10000.0,Stuart Attwell
West Ham,1.6,3–0,1.5,Southampton,10000.0,Martin Atkinson
Brentford,1.3,2–0,1.4,Arsenal,16479.0,Michael Oliver
Manchester Utd,1.5,5–1,0.6,Leeds United,72732.0,Paul Tierney
Watford,1.0,3–2,1.2,Aston Villa,20051.0,Mike Dean
Chelsea,0.9,3–0,0.3,Crystal Palace,38965.0,Jonathan Moss
Everton,2.4,3–1,0.7,Southampton,38487.0,Andy Madley
Burnley,1.0,1–2,1.3,Brighton,16910.0,David Coote
Leicester City,0.8,1–0,1.1,Wolves,31983.0,Craig Pawson
Norwich City,1.2,0–3,2.1,Liverpool,27023.0,Andre Marriner
Newcastle Utd,1.5,2–4,2.3,West Ham,50673.0,Martin Atkinson
Tottenham,1.3,1–0,1.9,Manchester City,58262.0,Anthony Taylor
Liverpool,2.9,2–0,0.7,Burnley,52591.0,Mike Dean
Leeds United,1.5,2–2,2.0,Everton,36293.0,Darren England
Aston Villa,1.1,2–0,0.7,Newcastle Utd,41964.0,David Coote
Crystal Palace,0.6,0–0,0.9,Brentford,23091.0,Martin Atkinson
Manchester City,2.7,5–0,0.1,Norwich City,51437.0,Graham Scott
Brighton,1.5,2–0,0.9,Watford,29485.0,Anthony Taylor
Southampton,0.8,1–1,1.4,Manchester Utd,32000.0,Craig Pawson
Wolves,1.4,0–1,1.5,Tottenham,30368.0,Stuart Attwell
Arsenal,0.3,0–2,2.9,Chelsea,58729.0,Paul Tierney
West Ham,2.5,4–1,0.8,Leicester City,59901.0,Michael Oliver
Manchester City,3.8,5–0,0.1,Arsenal,52276.0,Martin Atkinson
West Ham,1.2,2–2,0.7,Crystal Palace,59751.0,Stuart Attwell
Norwich City,1.6,1–2,1.3,Leicester City,26765.0,Robert Jones
Brighton,1.0,0–2,1.6,Everton,30548.0,Jonathan Moss
Newcastle Utd,1.4,2–2,3.6,Southampton,44017.0,Paul Tierney
Aston Villa,0.6,1–1,1.1,Brentford,42045.0,Peter Bankes
Liverpool,2.6,1–1,0.8,Chelsea,54000.0,Anthony Taylor
Burnley,1.4,1–1,1.5,Leeds United,20000.0,Michael Oliver
Tottenham,0.9,1–0,0.6,Watford,57672.0,Andre Marriner
Wolves,1.8,0–1,0.6,Manchester Utd,30621.0,Mike Dean
Crystal Palace,2.4,3–0,0.1,Tottenham,26000.0,Jonathan Moss
Southampton,0.8,0–0,0.6,West Ham,30000.0,David Coote
Manchester Utd,2.1,4–1,0.7,Newcastle Utd,72732.0,Anthony Taylor
Arsenal,2.8,1–0,0.6,Norwich City,58000.0,Michael Oliver
Leicester City,0.8,0–1,2.9,Manchester City,32087.0,Paul Tierney
Watford,0.2,0–2,2.1,Wolves,20019.0,Peter Bankes
Brentford,0.7,0–1,0.2,Brighton,16518.0,Graham Scott
Chelsea,1.1,3–0,1.5,Aston Villa,39969.0,Stuart Attwell
Leeds United,1.2,0–3,4.0,Liverpool,36507.0,Craig Pawson
Everton,1.3,3–1,1.3,Burnley,30000.0,Martin Atkinson
Newcastle Utd,1.3,1–1,2.0,Leeds United,50407.0,Mike Dean
Wolves,0.6,0–2,2.5,Brentford,30000.0,Darren England
Liverpool,2.7,3–0,0.8,Crystal Palace,52000.0,Andy Madley
Norwich City,1.0,1–3,1.8,Watford,26649.0,Robert Jones
Manchester City,1.1,0–0,0.4,Southampton,52698.0,Jonathan Moss
Burnley,1.3,0–1,1.2,Arsenal,20000.0,Anthony Taylor
Aston Villa,1.3,3–0,0.7,Everton,41888.0,Craig Pawson
West Ham,1.6,1–2,1.8,Manchester Utd,60000.0,Martin Atkinson
Brighton,1.4,2–1,1.7,Leicester City,31078.0,Stuart Attwell
Tottenham,0.7,0–3,1.9,Chelsea,60059.0,Paul Tierney
Chelsea,0.3,0–1,1.7,Manchester City,40036.0,Michael Oliver
Manchester Utd,2.3,0–1,1.2,Aston Villa,72922.0,Mike Dean
Everton,2.1,2–0,0.6,Norwich City,38821.0,David Coote
Leeds United,1.3,1–2,1.8,West Ham,36417.0,Kevin Friend
Watford,1.1,1–1,2.5,Newcastle Utd,20650.0,Jarred Gillett
Leicester City,2.6,2–2,0.7,Burnley,31650.0,Chris Kavanagh
Brentford,1.9,3–3,2.5,Liverpool,16876.0,Stuart Attwell
Southampton,1.2,0–1,1.0,Wolves,28002.0,Andy Madley
Arsenal,0.8,3–1,1.0,Tottenham,59919.0,Craig Pawson
Crystal Palace,1.4,1–1,0.6,Brighton,22975.0,Andre Marriner
Manchester Utd,0.9,1–1,1.1,Everton,73128.0,Michael Oliver
Leeds United,1.9,1–0,0.2,Watford,36261.0,Simon Hooper
Wolves,0.9,2–1,0.6,Newcastle Utd,30483.0,Graham Scott
Burnley,1.0,0–0,0.5,Norwich City,17427.0,Kevin Friend
Chelsea,3.6,3–1,1.3,Southampton,40109.0,Martin Atkinson
Brighton,1.4,0–0,0.5,Arsenal,31266.0,Jonathan Moss
Crystal Palace,1.3,2–2,1.7,Leicester City,25000.0,Anthony Taylor
West Ham,1.3,1–2,1.2,Brentford,49940.0,Peter Bankes
Tottenham,1.7,2–1,1.1,Aston Villa,53076.0,Chris Kavanagh
Liverpool,1.0,2–2,1.2,Manchester City,53102.0,Paul Tierney
Watford,0.5,0–5,3.6,Liverpool,21085.0,Jonathan Moss
Leicester City,3.1,4–2,1.4,Manchester Utd,32219.0,Craig Pawson
Southampton,2.3,1–0,0.2,Leeds United,30506.0,David Coote
Manchester City,1.9,2–0,1.0,Burnley,52711.0,Martin Atkinson
Aston Villa,1.1,2–3,2.0,Wolves,41951.0,Michael Oliver
Norwich City,1.0,0–0,0.9,Brighton,26777.0,Peter Bankes
Brentford,1.6,0–1,0.3,Chelsea,16940.0,Anthony Taylor
Everton,0.8,0–1,1.5,West Ham,39132.0,Stuart Attwell
Newcastle Utd,0.5,2–3,1.6,Tottenham,52214.0,Andre Marriner
Arsenal,1.4,2–2,0.9,Crystal Palace,59475.0,Mike Dean
Arsenal,2.7,3–1,1.4,Aston Villa,59496.0,Craig Pawson
Chelsea,3.2,7–0,0.2,Norwich City,40113.0,Andy Madley
Southampton,1.6,2–2,0.7,Burnley,29145.0,Chris Kavanagh
Crystal Palace,1.7,1–1,0.4,Newcastle Utd,24609.0,Darren England
Everton,2.3,2–5,3.2,Watford,38834.0,Graham Scott
Leeds United,1.9,1–1,1.0,Wolves,36475.0,Robert Jones
Brighton,1.3,1–4,3.9,Manchester City,31215.0,Kevin Friend
West Ham,1.2,1–0,0.7,Tottenham,59924.0,Paul Tierney
Brentford,1.2,1–2,1.5,Leicester City,16814.0,Simon Hooper
Manchester Utd,1.5,0–5,3.8,Liverpool,73088.0,Anthony Taylor
Leicester City,1.2,0–2,0.9,Arsenal,32209.0,Michael Oliver
Watford,1.2,0–1,2.0,Southampton,20869.0,Peter Bankes
Newcastle Utd,0.3,0–3,2.1,Chelsea,52208.0,Paul Tierney
Liverpool,1.1,2–2,1.1,Brighton,52598.0,Mike Dean
Burnley,2.2,3–1,0.7,Brentford,18821.0,Jonathan Moss
Manchester City,1.1,0–2,1.1,Crystal Palace,53014.0,Andre Marriner
Tottenham,0.7,0–3,1.2,Manchester Utd,60356.0,Stuart Attwell
Norwich City,0.7,1–2,0.7,Leeds United,26913.0,Anthony Taylor
Aston Villa,0.7,1–4,2.3,West Ham,41874.0,Chris Kavanagh
Wolves,1.6,2–1,1.5,Everton,30617.0,Martin Atkinson
Southampton,0.8,1–0,0.6,Aston Villa,30178.0,Andy Madley
Manchester Utd,0.6,0–2,2.0,Manchester City,73086.0,Michael Oliver
Crystal Palace,2.0,2–0,0.2,Wolves,24390.0,Graham Scott
Chelsea,2.2,1–1,1.0,Burnley,39798.0,Andre Marriner
Brentford,2.2,1–2,1.4,Norwich City,16837.0,Jarred Gillett
Brighton,1.6,1–1,0.2,Newcastle Utd,31267.0,David Coote
Leeds United,1.2,1–1,1.1,Leicester City,36478.0,Darren England
Everton,0.5,0–0,0.8,Tottenham,39059.0,Chris Kavanagh
Arsenal,1.7,1–0,0.7,Watford,59833.0,Kevin Friend
West Ham,0.8,3–2,1.3,Liverpool,59909.0,Craig Pawson
Leicester City,0.4,0–3,2.4,Chelsea,35497.0,Paul Tierney
Newcastle Utd,1.6,3–3,0.8,Brentford,52131.0,Robert Jones
Aston Villa,0.6,2–0,0.4,Brighton,41925.0,Anthony Taylor
Watford,2.2,4–1,1.6,Manchester Utd,21087.0,Jonathan Moss
Norwich City,0.5,2–1,1.1,Southampton,26885.0,Martin Atkinson
Wolves,1.2,1–0,0.5,West Ham,30667.0,Mike Dean
Burnley,1.3,3–3,2.0,Crystal Palace,18028.0,Simon Hooper
Liverpool,4.3,4–0,0.4,Arsenal,53092.0,Michael Oliver
Manchester City,2.3,3–0,0.3,Everton,52571.0,Stuart Attwell
Tottenham,2.0,2–1,1.1,Leeds United,58989.0,Andre Marriner
Arsenal,2.0,2–0,0.2,Newcastle Utd,59886.0,Stuart Attwell
Crystal Palace,0.9,1–2,0.4,Aston Villa,25203.0,Michael Salisbury
Norwich City,1.5,0–0,0.3,Wolves,26911.0,Simon Hooper
Liverpool,2.5,4–0,1.0,Southampton,53040.0,Andre Marriner
Brighton,2.1,0–0,0.9,Leeds United,31166.0,Craig Pawson
Brentford,1.2,1–0,0.9,Everton,16957.0,Darren England
Leicester City,2.2,4–2,2.7,Watford,32020.0,Andy Madley
Manchester City,2.1,2–1,0.2,West Ham,53245.0,Michael Oliver
Chelsea,2.9,1–1,0.7,Manchester Utd,40041.0,Anthony Taylor
Newcastle Utd,1.1,1–1,1.4,Norwich City,50757.0,Andy Madley
Leeds United,1.7,1–0,1.0,Crystal Palace,35558.0,Kevin Friend
Wolves,0.7,0–0,0.2,Burnley,30328.0,John Brooks
Southampton,1.5,2–2,1.5,Leicester City,26951.0,Robert Jones
Watford,1.0,1–2,1.3,Chelsea,20388.0,David Coote
West Ham,1.6,1–1,1.1,Brighton,59626.0,Chris Kavanagh
Everton,0.6,1–4,2.1,Liverpool,39641.0,Paul Tierney
Aston Villa,0.9,1–2,0.9,Manchester City,41400.0,Mike Dean
Tottenham,2.4,2–0,0.3,Brentford,54202.0,Jonathan Moss
Manchester Utd,1.9,3–2,1.5,Arsenal,73123.0,Martin Atkinson
West Ham,1.8,3–2,1.2,Chelsea,59942.0,Andre Marriner
Wolves,0.2,0–1,2.5,Liverpool,30729.0,Chris Kavanagh
Southampton,1.4,1–1,1.4,Brighton,28706.0,Anthony Taylor
Newcastle Utd,1.3,1–0,0.7,Burnley,51948.0,Paul Tierney
Watford,0.7,1–3,3.2,Manchester City,20673.0,Simon Hooper
Tottenham,1.7,3–0,1.6,Norwich City,57088.0,Jarred Gillett
Manchester Utd,1.1,1–0,0.9,Crystal Palace,73172.0,Craig Pawson
Leeds United,1.4,2–2,0.9,Brentford,35639.0,David Coote
Aston Villa,2.0,2–1,1.4,Leicester City,41572.0,Michael Oliver
Everton,1.0,2–1,1.2,Arsenal,38906.0,Mike Dean
Brentford,1.9,2–1,0.6,Watford,16861.0,Michael Oliver
Manchester City,3.5,1–0,0.2,Wolves,52613.0,Jonathan Moss
Liverpool,2.5,1–0,0.4,Aston Villa,53093.0,Stuart Attwell
Chelsea,2.8,3–2,1.4,Leeds United,39959.0,Chris Kavanagh
Arsenal,1.5,3–0,0.6,Southampton,59653.0,Jarred Gillett
Norwich City,0.9,0–1,2.0,Manchester Utd,27606.0,Darren England
Burnley,0.6,0–0,0.6,West Ham,18065.0,Graham Scott
Leicester City,2.5,4–0,0.7,Newcastle Utd,31959.0,Peter Bankes
Crystal Palace,1.6,3–1,1.3,Everton,24066.0,Andy Madley
Norwich City,0.5,0–2,1.7,Aston Villa,26836.0,David Coote
Manchester City,3.6,7–0,0.2,Leeds United,52401.0,Paul Tierney
Crystal Palace,1.2,2–2,0.7,Southampton,22861.0,Simon Hooper
Brighton,1.1,0–1,1.3,Wolves,30362.0,Tony Harrington
Arsenal,2.7,2–0,0.3,West Ham,59777.0,Anthony Taylor
Chelsea,2.7,1–1,0.4,Everton,13933.0,Michael Oliver
Liverpool,2.4,3–1,0.3,Newcastle Utd,52951.0,Mike Dean
Leeds United,1.6,1–4,3.2,Arsenal,36166.0,Andre Marriner
Wolves,0.3,0–0,0.8,Chelsea,30631.0,David Coote
Newcastle Utd,0.4,0–4,3.1,Manchester City,52127.0,Martin Atkinson
Tottenham,3.4,2–2,1.5,Liverpool,45421.0,Paul Tierney
West Ham,1.7,2–3,1.3,Southampton,41027.0,Kevin Friend
Manchester City,3.4,6–3,2.4,Leicester City,53226.0,Chris Kavanagh
Norwich City,0.1,0–5,2.5,Arsenal,26940.0,Graham Scott
Tottenham,2.5,3–0,0.2,Crystal Palace,40539.0,Jonathan Moss
Aston Villa,0.6,1–3,2.8,Chelsea,41907.0,Martin Atkinson
Brighton,0.9,2–0,0.9,Brentford,30141.0,Darren England
Newcastle Utd,1.1,1–1,1.2,Manchester Utd,52178.0,Craig Pawson
Southampton,0.4,1–1,2.4,Tottenham,31304.0,Anthony Taylor
Crystal Palace,2.0,3–0,1.2,Norwich City,24433.0,Paul Tierney
Watford,1.1,1–4,2.9,West Ham,20073.0,Darren England
Leicester City,0.6,1–0,2.5,Liverpool,32230.0,Michael Oliver
Chelsea,1.1,1–1,0.9,Brighton,40080.0,Mike Dean
Brentford,0.3,0–1,0.8,Manchester City,17009.0,David Coote
Manchester Utd,2.0,3–1,0.8,Burnley,73121.0,Jonathan Moss
Arsenal,0.9,1–2,1.6,Manchester City,59757.0,Stuart Attwell
Watford,0.3,0–1,1.9,Tottenham,20391.0,Robert Jones
Crystal Palace,1.9,2–3,1.9,West Ham,24351.0,Darren England
Leeds United,1.3,3–1,0.9,Burnley,36083.0,Paul Tierney
Everton,1.6,2–3,1.5,Brighton,38203.0,John Brooks
Brentford,0.5,2–1,1.1,Aston Villa,16876.0,Craig Pawson
Chelsea,1.3,2–2,1.4,Liverpool,40072.0,Anthony Taylor
Manchester Utd,0.8,0–1,0.7,Wolves,73045.0,Mike Dean
Southampton,1.6,4–1,0.7,Brentford,27383.0,Stuart Attwell
West Ham,2.1,2–0,0.3,Norwich City,59775.0,Simon Hooper
Brighton,2.1,1–1,0.2,Crystal Palace,30675.0,Robert Jones
Manchester City,0.7,1–0,0.5,Chelsea,53319.0,Craig Pawson
Newcastle Utd,1.4,1–1,1.3,Watford,52223.0,Paul Tierney
Wolves,2.1,3–1,1.1,Southampton,30057.0,Michael Salisbury
Norwich City,0.8,2–1,0.6,Everton,26629.0,Andy Madley
Aston Villa,2.0,2–2,1.0,Manchester Utd,41968.0,David Coote
West Ham,2.0,2–3,2.3,Leeds United,59951.0,Mike Dean
Liverpool,3.1,3–0,0.5,Brentford,52824.0,Jonathan Moss
Brighton,0.6,1–1,0.7,Chelsea,30880.0,Kevin Friend
Leicester City,1.5,2–3,3.7,Tottenham,31986.0,Jonathan Moss
Brentford,2.2,1–3,2.0,Manchester Utd,17094.0,Andre Marriner
Watford,1.1,0–3,0.7,Norwich City,20782.0,Mike Dean
Everton,1.3,0–1,0.6,Aston Villa,38203.0,Craig Pawson
Manchester Utd,1.8,1–0,0.4,West Ham,73130.0,Jonathan Moss
Brentford,1.3,1–2,0.2,Wolves,16982.0,Peter Bankes
Leeds United,1.0,0–1,1.1,Newcastle Utd,36405.0,Chris Kavanagh
Southampton,1.1,1–1,1.6,Manchester City,31178.0,Simon Hooper
Leicester City,2.2,1–1,1.0,Brighton,31231.0,Martin Atkinson
Crystal Palace,2.2,1–3,1.7,Liverpool,25002.0,Kevin Friend
Arsenal,1.2,0–0,0.4,Burnley,59255.0,David Coote
Chelsea,0.9,2–0,0.4,Tottenham,40020.0,Paul Tierney
Burnley,0.8,0–0,1.0,Watford,19527.0,Craig Pawson
Newcastle Utd,2.2,3–1,0.6,Everton,52186.0,Anthony Taylor
West Ham,0.7,1–0,0.3,Watford,59581.0,Martin Atkinson
Burnley,0.6,1–1,2.1,Manchester Utd,21233.0,Mike Dean
Tottenham,1.5,2–3,2.7,Southampton,54012.0,David Coote
Manchester City,2.0,2–0,0.7,Brentford,51658.0,Darren England
Norwich City,0.5,1–1,1.1,Crystal Palace,26652.0,Paul Tierney
Aston Villa,1.8,3–3,1.9,Leeds United,41927.0,Jarred Gillett
Wolves,0.9,0–1,1.8,Arsenal,31523.0,Michael Oliver
Liverpool,2.6,2–0,0.3,Leicester City,53050.0,Chris Kavanagh
Manchester Utd,2.1,1–1,1.1,Southampton,73084.0,Stuart Attwell
Brentford,1.5,0–0,0.5,Crystal Palace,16958.0,Simon Hooper
Everton,2.1,3–0,0.3,Leeds United,39150.0,Graham Scott
Watford,0.5,0–2,1.4,Brighton,20795.0,Jonathan Moss
Norwich City,0.5,0–4,4.6,Manchester City,27010.0,Andre Marriner
Tottenham,1.4,0–2,1.3,Wolves,56452.0,Kevin Friend
Burnley,0.8,0–1,1.6,Liverpool,19563.0,Martin Atkinson
Newcastle Utd,0.5,1–0,0.4,Aston Villa,52207.0,Craig Pawson
Leicester City,1.3,2–2,0.6,West Ham,32061.0,Michael Oliver
Manchester Utd,2.0,2–0,0.6,Brighton,73012.0,Peter Bankes
West Ham,0.6,1–1,0.7,Newcastle Utd,59949.0,Chris Kavanagh
Aston Villa,1.3,0–1,1.1,Watford,41936.0,Robert Jones
Liverpool,3.0,3–1,0.6,Norwich City,53135.0,Mike Dean
Crystal Palace,0.6,0–1,1.1,Chelsea,25109.0,David Coote
Arsenal,2.1,2–1,0.6,Brentford,59249.0,Jonathan Moss
Southampton,2.0,2–0,0.3,Everton,31312.0,Andy Madley
Brighton,0.5,0–3,0.7,Burnley,30361.0,Kevin Friend
Manchester City,2.1,2–3,1.8,Tottenham,53201.0,Anthony Taylor
Leeds United,1.5,2–4,2.6,Manchester Utd,36715.0,Paul Tierney
Wolves,0.6,2–1,1.6,Leicester City,31587.0,Craig Pawson
Burnley,1.1,1–0,0.9,Tottenham,19488.0,Graham Scott
Watford,1.0,1–4,0.8,Crystal Palace,20012.0,Andre Marriner
Liverpool,5.0,6–0,0.2,Leeds United,53018.0,Michael Oliver
Arsenal,2.7,2–1,1.0,Wolves,59888.0,Martin Atkinson
Southampton,2.8,2–0,0.6,Norwich City,31182.0,Simon Hooper
Leeds United,1.5,0–4,2.4,Tottenham,36599.0,Craig Pawson
Crystal Palace,0.9,1–1,0.2,Burnley,24203.0,Jonathan Moss
Brighton,0.6,0–2,1.2,Aston Villa,31475.0,John Brooks
Manchester Utd,2.9,0–0,0.5,Watford,73152.0,Kevin Friend
Brentford,0.3,0–2,2.4,Newcastle Utd,17039.0,Mike Dean
Everton,0.8,0–1,1.6,Manchester City,39105.0,Paul Tierney
West Ham,2.1,1–0,0.8,Wolves,59946.0,Anthony Taylor
Burnley,1.0,0–2,1.5,Leicester City,17825.0,Chris Kavanagh
Leicester City,0.5,1–0,1.9,Leeds United,32236.0,David Coote
Wolves,0.5,0–2,2.6,Crystal Palace,31395.0,Andy Madley
Aston Villa,2.6,4–0,0.7,Southampton,41855.0,Peter Bankes
Newcastle Utd,1.6,2–1,1.3,Brighton,52214.0,Martin Atkinson
Norwich City,1.4,1–3,2.1,Brentford,26887.0,Anthony Taylor
Burnley,0.8,0–4,2.2,Chelsea,19439.0,Andre Marriner
Liverpool,2.6,1–0,1.5,West Ham,59925.0,Jonathan Moss
Watford,1.5,2–3,1.4,Arsenal,21142.0,Craig Pawson
Manchester City,2.6,4–1,0.5,Manchester Utd,53165.0,Michael Oliver
Tottenham,2.9,5–0,0.2,Everton,59647.0,Stuart Attwell
Wolves,0.9,4–0,0.9,Watford,29658.0,Darren England
Southampton,1.3,1–2,0.6,Newcastle Utd,30056.0,Kevin Friend
Norwich City,1.0,1–3,1.9,Chelsea,26684.0,Martin Atkinson
Leeds United,0.2,0–3,1.4,Aston Villa,36400.0,Simon Hooper
Brighton,0.8,0–2,2.3,Liverpool,31474.0,Mike Dean
Brentford,1.9,2–0,0.7,Burnley,17088.0,Paul Tierney
Manchester Utd,1.1,3–2,1.3,Tottenham,73458.0,Jonathan Moss
Leeds United,2.5,2–1,1.2,Norwich City,36321.0,Stuart Attwell
Chelsea,0.8,1–0,0.2,Newcastle Utd,40026.0,David Coote
West Ham,1.3,2–1,1.0,Aston Villa,59957.0,Jarred Gillett
Southampton,1.1,1–2,1.5,Watford,28863.0,Graham Scott
Everton,0.5,0–1,0.8,Wolves,39112.0,Michael Oliver
Arsenal,2.3,2–0,0.3,Leicester City,60111.0,Anthony Taylor
Crystal Palace,0.8,0–0,2.3,Manchester City,25309.0,Martin Atkinson
Brighton,0.7,0–2,2.4,Tottenham,31144.0,Robert Jones
Arsenal,0.5,0–2,0.8,Liverpool,59968.0,Andre Marriner
Everton,0.6,1–0,1.0,Newcastle Utd,39068.0,Craig Pawson
Wolves,0.8,2–3,2.2,Leeds United,31842.0,Kevin Friend
Aston Villa,0.4,0–1,1.3,Arsenal,41956.0,Andy Madley
Leicester City,1.3,2–1,1.4,Brentford,31830.0,Darren England
Tottenham,2.5,3–1,0.6,West Ham,58685.0,Anthony Taylor
Liverpool,2.1,2–0,0.6,Watford,53104.0,Stuart Attwell
Leeds United,1.1,1–1,1.7,Southampton,36580.0,Anthony Taylor
Burnley,0.1,0–2,1.8,Manchester City,21249.0,Craig Pawson
Wolves,1.2,2–1,2.1,Aston Villa,31012.0,Darren England
Chelsea,1.6,1–4,2.1,Brentford,39061.0,Andy Madley
Brighton,2.9,0–0,0.3,Norwich City,31245.0,Simon Hooper
Manchester Utd,1.3,1–1,0.8,Leicester City,73444.0,Andre Marriner
West Ham,1.2,2–1,0.8,Everton,59953.0,Michael Oliver
Tottenham,3.1,5–1,0.6,Newcastle Utd,57553.0,Martin Atkinson
Crystal Palace,1.6,3–0,0.8,Arsenal,25149.0,Paul Tierney
Burnley,1.4,3–2,2.4,Everton,19830.0,Mike Dean
Newcastle Utd,1.6,1–0,0.3,Wolves,52164.0,Peter Bankes
Everton,0.4,1–0,0.7,Manchester Utd,39080.0,Jonathan Moss
Arsenal,1.8,1–2,0.5,Brighton,60112.0,David Coote
Southampton,0.5,0–6,4.2,Chelsea,31359.0,Kevin Friend
Watford,1.2,0–3,1.0,Leeds United,20957.0,Andre Marriner
Aston Villa,1.6,0–4,1.0,Tottenham,41949.0,Graham Scott
Norwich City,1.5,2–0,1.9,Burnley,26361.0,Michael Oliver
Brentford,1.6,2–0,0.3,West Ham,17032.0,Martin Atkinson
Leicester City,1.0,2–1,1.3,Crystal Palace,31896.0,Robert Jones
Manchester City,2.0,2–2,1.0,Liverpool,53197.0,Anthony Taylor
Tottenham,0.4,0–1,0.7,Brighton,58685.0,Craig Pawson
Manchester Utd,2.0,3–2,1.9,Norwich City,73381.0,Andy Madley
Southampton,0.7,1–0,1.7,Arsenal,31465.0,Peter Bankes
Watford,1.5,1–2,1.3,Brentford,21045.0,Simon Hooper
West Ham,2.0,1–1,1.6,Burnley,59958.0,Paul Tierney
Newcastle Utd,1.4,2–1,0.6,Leicester City,52104.0,Jarred Gillett
Liverpool,2.3,4–0,0.1,Manchester Utd,52686.0,Martin Atkinson
Everton,1.5,1–1,1.0,Leicester City,39153.0,David Coote
Chelsea,0.6,2–4,2.4,Arsenal,32249.0,Jonathan Moss
Newcastle Utd,0.9,1–0,0.5,Crystal Palace,51938.0,Tony Harrington
Manchester City,1.1,3–0,0.1,Brighton,52226.0,Mike Dean
Burnley,1.5,2–0,1.1,Southampton,17384.0,Stuart Attwell
Arsenal,2.2,3–1,2.2,Manchester Utd,60223.0,Craig Pawson
Manchester City,3.0,5–1,0.5,Watford,53013.0,Kevin Friend
Leicester City,0.4,0–0,0.6,Aston Villa,32185.0,Andy Madley
Norwich City,0.7,0–3,2.4,Newcastle Utd,26910.0,Chris Kavanagh
Brentford,0.8,0–0,0.7,Tottenham,17072.0,Martin Atkinson
Chelsea,2.8,1–0,0.5,West Ham,32231.0,Michael Oliver
Burnley,1.1,1–0,0.7,Wolves,19246.0,Anthony Taylor
Brighton,1.4,2–2,0.9,Southampton,31335.0,Robert Jones
Liverpool,1.6,2–0,0.4,Everton,53213.0,Stuart Attwell
Crystal Palace,1.9,0–0,0.4,Leeds United,25357.0,Darren England
Manchester Utd,0.6,1–1,2.0,Chelsea,73564.0,Mike Dean
Newcastle Utd,0.2,0–1,2.3,Liverpool,52281.0,Andre Marriner
Watford,1.1,1–2,2.0,Burnley,20738.0,Craig Pawson
Southampton,0.5,1–2,1.0,Crystal Palace,31359.0,Jarred Gillett
Wolves,0.6,0–3,2.5,Brighton,31243.0,Simon Hooper
Aston Villa,2.2,2–0,0.6,Norwich City,40290.0,John Brooks
Leeds United,1.2,0–4,2.7,Manchester City,35771.0,Paul Tierney
Tottenham,1.5,3–1,0.4,Leicester City,59482.0,Jonathan Moss
Everton,1.3,1–0,1.2,Chelsea,39256.0,Kevin Friend
West Ham,0.4,1–2,0.8,Arsenal,59959.0,Mike Dean
Manchester Utd,1.5,3–0,0.6,Brentford,73482.0,Chris Kavanagh
Chelsea,2.5,2–2,2.1,Wolves,32190.0,Peter Bankes
Brentford,3.1,3–0,1.0,Southampton,17051.0,Michael Salisbury
Crystal Palace,1.9,1–0,0.5,Watford,24622.0,Graham Scott
Burnley,1.7,1–3,1.8,Aston Villa,20891.0,David Coote
Brighton,2.8,4–0,0.8,Manchester Utd,31637.0,Andy Madley
Liverpool,1.2,1–1,1.1,Tottenham,53177.0,Michael Oliver
Norwich City,0.7,0–4,3.1,West Ham,26428.0,Robert Jones
Arsenal,2.9,2–1,0.5,Leeds United,60108.0,Chris Kavanagh
Leicester City,1.8,1–2,1.5,Everton,32001.0,Craig Pawson
Manchester City,3.1,5–0,0.9,Newcastle Utd,53336.0,Stuart Attwell
Aston Villa,1.1,1–2,1.9,Liverpool,41919.0,Jonathan Moss
Leeds United,0.5,0–3,1.5,Chelsea,36549.0,Anthony Taylor
Leicester City,2.5,3–0,1.2,Norwich City,38092.0,Simon Hooper
Watford,0.3,0–0,1.2,Everton,20653.0,Mike Dean
Wolves,0.5,1–5,3.1,Manchester City,32000.0,Martin Atkinson
Tottenham,3.1,3–0,0.4,Arsenal,62027.0,Paul Tierney
Tottenham,2.0,1–0,0.7,Burnley,61729.0,Kevin Friend
Watford,1.4,1–5,2.3,Leicester City,20257.0,Jarred Gillett
West Ham,1.3,2–2,2.5,Manchester City,59972.0,Anthony Taylor
Leeds United,2.0,1–1,2.2,Brighton,36638.0,Mike Dean
Wolves,0.9,1–1,1.3,Norwich City,31219.0,Tony Harrington
Aston Villa,1.0,1–1,1.3,Crystal Palace,41136.0,Chris Kavanagh
Everton,1.8,2–3,1.6,Brentford,38819.0,Michael Oliver
Newcastle Utd,2.1,2–0,0.6,Arsenal,52274.0,Darren England
Southampton,0.1,1–2,1.5,Liverpool,31588.0,Martin Atkinson
Everton,0.8,3–2,1.4,Crystal Palace,38448.0,Anthony Taylor
Aston Villa,1.3,1–1,1.6,Burnley,40468.0,Paul Tierney
Chelsea,1.7,1–1,0.1,Leicester City,31478.0,Stuart Attwell
Brighton,1.7,3–1,0.3,West Ham,31604.0,Kevin Friend
Brentford,1.2,1–2,1.4,Leeds United,16957.0,Paul Tierney
Leicester City,2.3,4–1,1.2,Southampton,32003.0,Jonathan Moss
Arsenal,3.1,5–1,1.1,Everton,60201.0,Andre Marriner
Crystal Palace,0.5,1–0,0.8,Manchester Utd,25434.0,Martin Atkinson
Norwich City,0.3,0–5,3.7,Tottenham,27022.0,Chris Kavanagh
Burnley,1.4,1–2,1.8,Newcastle Utd,21361.0,Craig Pawson
Liverpool,3.2,3–1,1.1,Wolves,53097.0,Anthony Taylor
Manchester City,2.9,3–2,0.3,Aston Villa,53395.0,Michael Oliver
Chelsea,2.4,2–1,1.0,Watford,32089.0,Mike Dean
